"Id","Title","Body"
"https://gazeta.ua/post/943162","Померла французька акторка Анна Каріна","Померла французька акторка Анна Каріна. Їй було 79 років. Каріна боролась з онкохворобою, повідомляє ""24 канал"". На останній стадії раку в неї виявили значні ускладнення. Лікування не допомогло. ""Її погляд був поглядом ""Нової хвилі"". Так залишиться назавжди. Анна Каріна була музою режисера Годара, але також Ріветте чи Вісконті. Вона магнетизувала весь світ. Сьогодні французьке кіно осиротіло. Воно втратило одну зі своїх легенд"",  заявив міністр культури Франції Франк Рістер. Анна Каріна походить з Данії. Вона почала зніматись у фільмах з 14 років. Фільм ""Дівчина у черевичках"" приніс їй світову славу. Акторку помітили режисери і порадили їй переїхати до Франції. У 1958 році вона оселилась у Парижі. ЧИТАЙТЕ ТАКОЖ: Помер модельєр Патрік-Луї Вітон  Акторка почала співпрацю з режисером Жаном-Люком Годаром. Грала у фільмах ""Жінка є жінка"". ""Жити разом"", ""Сюзанна Сімонен, черниця Дені Дідро"", ""Драже з перцем"", ""Шахерезада"", ""Побачення в Бре"", ""Острів скарбів"", ""Аве Марія"", ""Філософський камінь"", ""Людина, яка хотіла бути винною"", ""Правда про Чарлі"".  12 листопада 1993-го року в Нью-Йорку від серцевого нападу померла знаменита акторка 20-30-х років ХХ ст. Анна Стен. Її називають американською актрисою, оскільки зліт кінокар'єри Стен відбувся в Голлівуді. Однак за походженням одна з найкрасивіших артисток Старого Голлівуду Анна Стен була українкою. "
"https://gazeta.ua/post/943161","Збірна України провалила чоловічу естафету","Чоловіча збірна України з біатлону провалилася в естафеті на етапі Кубка світу в австрійському Хохфільцені. Українці посіли лише 11 місце. Перемогу святкувала збірна Норвегії. Наша збірна трималася в десятці, поки на етапах були .Руслан Тищенко і Артем Прима. Обидва біатлоністи використовували додаткові патрони, але на штрафні кола не потрапляли. Ситуація різко погіршилася, коли на третій етап вийшов Руслан Ткаленко. На лежці він пішов на штрафне коло, яке відкинуло Україну на 15 місце. Дмитро Підручний витягнув команду на 11 місце, але відставання було величезним  три з половиною хвилини. Дивно, чому тренери не поставили Антона Дудченка, який на спринті й у гонці переслідування майже не хибив.   ЧИТАЙТЕ ТАКОЖ: Українки не змогли боротися за медалі в гонці переслідування  На минулому етапі в Естерсунді збірна України фінашувала на 6 місці. "
"https://gazeta.ua/post/943158","Грудень як березень: синоптики здивували прогнозом на наступний тиждень","Наступного тижня в Україні очікується тепла та суха погода. Завтра буде без опадів. Температура повітря вдень коливатиметься від +4 до +8 градусів. У західних областях підніметься до +10...+13 градусів, повідомляє Український гідрометцентр. У вівторок опадів не прогнозують. Температура повітря не зміниться. У середу температура повітря у західних областях зросте. Там прогнозують потепління до +11...+15 градусів. На решті території вдень від +5 до +9 градусів, у південних областях до +10. ЧИТАЙТЕ ТАКОЖ: Сильні морози: якою буде погода у Новий рік У четвер в Україні похолодає. На заході температура повітря опуститься до +7...+10 градусів. У решті областей вдень від +5 до +7 градусів, подекуди температура зросте до +9.  15 та 16 грудня в Україні почнеться погіршення погоди. Очікується похмура погода, подекуди дощ та мокрий сніг. Про це повідомляє Укргідрометцентр. "
"https://gazeta.ua/post/943160","Шотландія заговорила про незалежність","Лондон не зможе утримувати Единбург у складі Сполученого Королівства проти його волі. Заявила лідерка Шотландської національної партії (SNP) Нікола Стерджен, про це повідомляє BBC News. За її словами, показник підтримки SNP на парламентських виборах (партія посіла 3 місце) дає їй мандат на проведення нового референдуму про незалежність Шотландії від Сполученого Королівства. Додала, що референдум відбудеться, попри заперечення прем'єр-міністра Бориса Джонсона. ""Якщо він (Джонсон - ред. Gazeta.ua) думає, що сказане ним ""ні"" закінчує цю історію, то він виявить, що він абсолютно, найвищою мірою не правий"", - заявила вона. Стерджен наголосила, що британський уряд не зможе утримувати Шотландію у складі Сполученого Королівства проти її волі. ""Ви не можете утримувати Шотландію в складі союзу проти її волі. Продовження існування Британії можливо лише на підставі згоди. Якщо Джонсон впевнений, що шотландці хочуть залишитися в складі Британії, то він повинен дати їм можливість висловитися щодо цього"", - сказала лідерка SNP.  У шотландському Глазго 2 листопада відбулась масова демонстрація за незалежність від Великої Британії. Організатори оцінили кількість учасників у 20 тисяч людей. "
"https://gazeta.ua/post/943156","""Ви взагалі хто, громадянин?"" - п'яна водійка Bentley нахамила патрульним","Вночі у столиці патрульні поліцейські зупинили автомобіль Bentley під керуванням нетверезої водійки. За водіння у нетверезому стані склали протокол. При цьому, водійка та її подруга поводилися зухвало і хамили поліцейським. Відео з місця інциденту опублікували на сторінці пабліку ""Київ оперативний"" у Facebook. ЧИТАЙТЕ ТАКОЖ: Від тіла залишилася лише рука: подробиці страшної ДТП під Києвом   У Києві електронна система TruSign зафіксувала автомобіль, що проїхав Столичним шосе на швидкості 288 км/год. "
"https://gazeta.ua/post/943157","Патріарх Варфоломій відвідає Україну","Україну скоро відвідає патріарх вселенський Варфоломій. Митрополит Київський і всієї України Епіфаній заявив про це під час літургії з нагоди річниці створення помісної Церкви, повідомляє ""5 канал"". Епіфаній повідомив, що ще кілька церков приєднаються до української помісної церкви у 2020 році. ЧИТАЙТЕ ТАКОЖ: До ПЦУ можуть приєднатись архієреї Московського патріархату  Рік тому в Софії Київській зібрали об'єднавчий собор, який завершився створенням Православної церкви України.  О 10 годині ранку 15 грудня 2018 року 60 архієреїв розпочинають Об'єднавчий собор в Софійському соборі у Києві. Перед тим відслужили літургію, здали телефони та іншу техніку для підтримки безпеки. "
"https://gazeta.ua/post/943152","""Динамо"" з боями перемогло ""Десну""","Київське ""Динамо"" здолало в Чернігові місцеву ""Десну""  1:0 і вийшло на друге місце в чемпіонаті України. Єдиний м'яч у першому таймі забив Віктор Циганков. Говорити про якийсь прорив у ""Динамо"" передчасно. На відміну від попередніх поєдинків, кияни припустилися меншої кількості помилок й забрали в ""Десни"" три залікових бали. Оборона ""Динамо"" далека від ідеалу, а без Дениса Попова, який зашкутильгав у другому таймі, то й взагалі розхристана. У другому таймі кияни мають дякувати Георгію Бущану, який щонайменше двічі рятував підопічних Михайличенка від голу.  Фран Соль навряд чи переконав тренерів ""Динамо"", що він кращий від Родрігеша й Соля  Фран Соль навряд чи переконав тренерів ""Динамо"", що він кращий від Родрігеша й Соля. Мабуть нападники киян стали заручниками високої конкуренції. Принаймні ніхто з них не відзначався стабільністю впродовж усієї осені, з часу заміни головного тренера. Віктор Циганков і Віталій Миколенко залишаються єдиними світлими плямами в нинішньому складі ""Динамо"". Навіть Беньямін Вербич, який забив чимало вирішальних голів, не зумів реалізувати пенальті на останній доданій хвилині. З пенальті у динамівців взагалі намічаються серйозні проблеми.  ЧИТАЙТЕ ТАКОЖ: Чому ""Шахтар"" переміг ""Зорю""  ""Динамо"" закінчує осінню частину чемпіонату на звичній другій сходинці, але ніколи ще гра клубу не отримала стільки нищівної критики. Якщо не станеться якісного прориву весною, то ""Динамо"" розпочне наступний чемпіонат з новим тренером. "
"https://gazeta.ua/post/943155","Свято наближається: як знаменитості прикрашають свої ялинки"," До Нового року 2020 залишилося два тижні. По усьому світу люди починають активно готуватися до святкування. Так, в Instagram з'явилося безліч знімків, де знаменитості демонструють, як прикрашають свої будинки напередодні свята, пише ""НВ"". ЧИТАЙТЕ ТАКОЖ: Солодкі ялинки: показала вражаючі новорічні десерти  Новорічні вогні вже запалили представники королівських родин, голлівудські актриси, українські телеведучі та багато інших.  У 2020 році балом керуватиме білий Щур. Більшість людей любить Новий рік не за бій курантів і святковий стіл, а за атмосферу свята. Для її створення варто попрацювати. "
"https://gazeta.ua/post/943153","Настя Каменських зачарувала перевтіленням в образ Лілу з ""П'ятого елементу"""," Українська співачка Настя Каменських викликала захоплення фанів яскравим образом в стилі головної героїні фільму ""5 елемент"", роль якої виконувала Мілла Йовович. Артистка з'явилася на зйомках проекту Х-фактор в перуці зі світлим каре і помаранчевій короткій сукні з чорними вставками. Образ доповнила лаковими ботфортами і яскравим вечірнім макіяжем з виразним смокі айс. ЧИТАЙТЕ ТАКОЖ: Настя Каменських показала інтимне фото з ванни ""Сьогодні я Лілу Даллас з фільму 5 елемент. Для справжнього артиста 5 елементом є його власний #xfaktor"", - написала співачка.  На попередньому ефірі шоу Настя Каменських, вона ж NK, також була у цікавому образі: перефарбувала волосся в яскраво-червоний колір. Одяг вона підібрала в тон до нього - червону шкіряну сукню. "
"https://gazeta.ua/post/943151","У Криму затонув док із субмариною: з'явились подробиці","В окупованому Севастополі затонув плавучий док ПД-16 зі списаним підводним човном Б-380 ""Святий князь Георгій"". Підводний човен вже сплив, повідомляє ""Інтерфакс"". Джерела повідомили, що човен затопило через технічний стан дока. Очевидці повідомляють, що плавдок затонув не повністю. Верхня частина знаходиться на поверхні. При цьому підводний човен накренився. Навколо місця аварії буксир встановлює огорожу. Розливу нафтопродуктів не спостерігається. ЧИТАЙТЕ ТАКОЖ: Російські літаки провели ""повітряний бій"" над окупованим Кримом  Плавдок ПД-16 був закладений у 1938 році. Підводний човен Б-380 ""Святий князь Георгій"" спустили на воду у серпні 1982 року. У 1991 році планувався до передачі Україні. У 1996 році уряд України відмовився від човна через його поганий технічний стан. З другої половини 2000-х років човен перебував в очікуванні ремонту.   У ніч на 15 грудня в Південній бухті Севастополя затонув плавучий док зі списаним підводним човном Б-380, що належав ЧФ РФ. "
"https://gazeta.ua/post/943150","Показали, як сміхом долати аерофобію","Новий спосіб боротьби з аерофобією із застосуванням гумору випробували МАУ і стенд-ап артист Денис Корабльов на внутрішньому рейсі Київ-Харків. Після стандартного інструктажу, зльоту і набору висоти артист почав зачитувати свій текст, асистував йому бортпровідник. Комік розповів, що аварійний вихід в літаку варто використовувати лише в екстреній ситуації, тому що авіалайнер не маршрутка, не варто кричати ""мені на наступній"" і намагатися вийти самостійно. Він також звернув увагу, що рятувальний жилет повинен надуватися лише за межами літака, а якщо пасажир хоче відрізнитися від більшості, можна просто залишити хороший відгук про МАУ в Facebook. Також Корабльов підняв одвічну тему, чи варто аплодувати після посадки на знак подяки пілотам. ""Під час посадки не обов'язково аплодувати, у нас дуже вразливі пілоти, можуть злетіти на біс"".   Для того, щоб відчувати себе комфортно у повітряному транспорті, перш за все, треба сівши в крісло літака, правильно його налаштувати. Це допоможе вам знизити дискомфорт. "
"https://gazeta.ua/post/943148","Призначили очільника комітету Шевченківської премії","Головою комітету з Національної премії України ім. Т. Шевченка став головний редактор телебачення Суспільного мовника Юрій Макаров. Про це голова правління Національної суспільної телерадіокомпанії України Зураб Аласанія написав у Facebook. Нещодавно відбулася перша нарада ймовірних майбутніх членів комітету. Імена новий голова не називає, поки не буде офіційного документу. ЧИТАЙТЕ ТАКОЖ: Була Революція гідності, а тепер може бути контрреволюція негідників - група ""Першого грудня"" До листопада головою комітету був Юрій Щербак. Він подав у відставку у зв'язку із закінченням трирічної каденції, визначеної указом п'ятого президента Петра Порошенка. Юрій Макаров у 20082010 роках був ведучим програми ""Культурний фронт"" на Першому національному каналі. З 2015-го  співведучий ток-шоу ""Війна і мир"" разом із Євгеном Степаненком на каналі ""UA:Перший"", згодом був директором творчого об'єднання документальних фільмів НТКУ. Потому - членом правління НСТУ, а після зміни структури став головним редактором телебачення Суспільного мовника, зараз знімає документальний серіал про Донбас..    У мережі з'явилося відео за участю відомих українців. Воно присвячене Дню гідності та свободи. "
"https://gazeta.ua/post/943149","Український військовий отримав поранення під обстрілом","Окупанти чотири рази здійснили обстріли по позиціям ЗСУ. Одного українського бійця поранили, повідомивречник Міністерства оборони полковник Максим Праута на брифінгу. ""Від початку поточної доби російсько-окупаційні війська здійснили 4 обстріли, усі на Луганському напрямку"", - сказав Праута. Після опівночі у районі Луганського та близько 11.00 неподалік Кримського окупанти відкривали вогонь по українських позиціях зі станкових протитанкових гранатометів. ЧИТАЙТЕ ТАКОЖ: У лікарні помер ветеран війни на Донбасі  Поблизу Кримського терористи вели вогонь із ручних протитанкових та підствольних гранатометів. Автоматичні гранатомети вранці терористи застосували біля Хутора Вільного.  14 грудня від вогню російської артилерії на Донбасі загинув боєць Сергій Михальчук, 21 рік. Він служив у бригаді швидкого реагування Національної гвардії України. "
"https://gazeta.ua/post/943147","""Ставити політиків до стінки"" - Ґрета Тунберґ вибачилась за свій заклик","Екоактивістка Ґрета Тунберґ вибачилася за свій заклик ставити політиків до стінки. Про це вона сказала на еко-протесті в Турині, присвяченому саміту Рамкової конвенції ООН про зміну клімату. Тунберґ висловила тривогу, що цей саміт не призведе до якихось адекватний дій політиків у сфері охорони навколишнього середовища. А тому екоактивіст мають продовжувати тиск на політиків. ""Ми подбаємо про те, щоб поставити їх до стіни, й вони змушені будуть виконувати свою роботу, щоб захистити наше майбутнє"", - заявила Ґрета Тунберґ. У світі подумали, що вона закликає розстрілювати політиків. ЧИТАЙТЕ ТАКОЖ: 16-річна екоактивістка Грета Тунберг відмовилась від премії з екології  ""Це шведський вислів: ""att st&auml;lla n&aring;gon mot v&auml;ggen"" (поставити когось біля стіни), який означає притягнути когось до відповідальності. Ось що трапляється, коли ти імпровізуєш під час промов іншою мовою"", - пояснила Тунберґ. Активістка вибачилася перед усіма, хто зрозумів це неправильно. Заявила, що весь шкільний рух протестів проти будь-яких форм насилля.  Активістка Ґрета Тунберґ на екологічному катамарані вирушила з Північної Америки до Європи. Грета візьме участь в нараді ООН з клімату, яка відбудеться на початку грудня в Мадриді.  "
"https://gazeta.ua/post/943143","Скандальна Паша прокоментувала результати Міс Світу-2019","У Великій Британії завершився конкурс краси ""Міс Світу-2019"". За головну корону боролись учасниці із 114 держав, перемогу здобула представниця Ямайки Тоні-Енн Сінгх. Українка Маргарита Паша, яка раніше відзначилась скандальними заявами, увійшла до топ-40 конкурсу краси. Конкурс пройшов у Лондонській виставковій залі. Дівчата презентували свій талант, фігуру в купальнику, особливе вбрання, яке показувало культуру країни, та розкішну вечірню сукню. 24-річна Маргарита Паша прокоментувала результати голосування у своєму Instagram. Привітала п'ятірку переможниць Міс Світу-2019, до якої увійшли конкурсантки з Ямайки, Франції, Індії, Нігерії та Бразилії. І зазначила, що їхні благодійні проекти можуть вразити кожного. А от в Україні реалізувати свої задуми вкрай складно, переконана Паша. Причина у всьому - брак фінансування від держави. ЧИТАЙТЕ ТАКОЖ: Крим - людей: міс України оконфузилася перед журналістами ""На жаль, наша країна не виділяє своїй Міс кошти для того, щоб вона змогла зробити масштабний благодійний проєкт в своїй країні. Я вдячна кожному спонсору, партнеру, хто допоміг мені підготуватися до конкурсу, я зробила все можливе!"", - додала вона. Сам допис Маргарита Паша написала російською мовою. Саме мовне питання допомогло їй потрапити у перший гучний скандал після перемоги на українському етапі шоу. Тоді дівчина відмовилась давати інтерв'ю українською.  Переможниця національного конкурсу краси ""Міс Україна"" 24-річна харків'янка Маргарита Паша відмовилася давати інтерв'ю українською для передачі ""Світське життя"". Тому її розмова не вийшла в ефір. "
"https://gazeta.ua/post/943145","21-річний нацгвардієць Сергій Михальчук загинув на Донбасі від рук російських найманців"," 14 грудня від вогню російської артилерії на Донбасі загинув боєць Сергій Михальчук, 21 рік. Він служив у бригаді швидкого реагування Національної гвардії України. ""Нашому братику був лише 21 рік. Але він мав більше мужності, аніж сотні тисяч фізично розвинутих чоловіків, які роблять селфікі у спортзалах і засинають у своїх теплих ліжечках на гражданці. Він був одним із тієї жменьки небайдужих, яким Україна була дійсно потрібною, на відміну від мільйонів двоногих шлунків, які плювали на цю землю і цю державу. Наш братик воював за кожного окремого українця - за тих, хто щоранку з тремтінням читає зведення з фронту, а також за тих, хто ""втомився в офісі"". За тих, хто чекає вдома й за тих, хто ""нас туда нє пасилал"". Він воював за свою скривджену рідну землю, як і всі його предки до того, й робив це не заради медалей чи слави, а просто тому що так роблять воїни. Саме таку долю обрали собі найкращі з людей, і їх ніхто не переконає, що це було хибне рішення. Сьогодні я прошу вас пом'янути нашого лева і назавжди запам'ятати його обличчя"", - написав користувач Харитін Старський у Facebook. ЧИТАЙТЕ ТАКОЖ: У лікарні помер ветеран війни на Донбасі  9 грудня близько 22:00 на невідомому вибуховому пристрої поблизу Золотого Луганської області підірвалися троє військовослужбовців. Усі вони служили у 14-тій окремій механізованій бригаді ім. князя Романа Великого. "
"https://gazeta.ua/post/943146","Законопроєкт №2543 забезпечить розвиток української енергетики в довгостроковій перспективі – депутат","Ухвалення законопроєкту ""Про внесення змін у деякі закони України щодо покращення інвестиційного клімату у сфері відновлювальної енергетики"" (№2543) забезпечить розвиток альтернативної енергетики в Україні. Про це заявила народний депутат України, член комітету ВР з питань енергетики та ЖКП Вікторія Гриб. Депутат зазначила, що законопроєкт 2543 є компромісним варіантом, якого вдалось досягти між державою та інвесторами, що розвивають альтернативну енергетику в Україні. ""Є зобов'язання міжнародні України, і сьогодні 11% відновлювальної енергетики повинно бути до 2020 року. Ми з вами трохи не встигаємо, а треба виконувати свої міжнародні зобов'язання. От треба сьогодні і подивитися, яким чином це робити. Цей законопроєкт, дійсно це компромісний варіант. Компромісний варіант між ринком та державою"", - сказала Гриб. Депутат звернула увагу на досвід європейських країн, які активно розвивають галузь відновлюваної енергетики, та доводять, що за нею майбутнє, зокрема й через те, що вона є дешевою в довгостроковому періоді. ""Наші європейські колеги, партнери показують, що ""зелена"" енергетика  це сама дешева енергетика, якщо дивитися в довгостроковому періоді. І це вже факт, який не можна сьогодні оспорювати, як цифри. А ми сьогодні намагаємося займати таку політику страуса, що ми нічого не бачимо, ми тільки хочемо дивитися на сьогодні і тільки на завтра, а не на довгострокову перспективу"",  зазначила Гриб. Вона наголосила, що ринок очікує на ухвалення законопроєкту 2543 та закликала депутатів підтримати його, в іншому випадку, на її думку, інвестори підуть з України. ""Я вас дуже прошу підтримати цей законопроєкт, тому що ринок на нього чекає. Якщо ми сьогодні цього не зробимо, то вони вже припиняють інвестувати в країну Україна"",  сказала Гриб. Нагадаємо, 6 грудня 2019 року у Верховній Раді був зареєстрований проєкт закону ""Про внесення змін у деякі закони України щодо покращення інвестиційного клімату у сфері відновлювальної енергетики"" (№2543), який передбачає можливість добровільної реструктуризації ""зеленого"" тарифу. За словами одного зі співавторів законопроєкту, народногодепутата Лесі Василенко, проєкт дозволить державі дотриматись зобов'язань перед інвесторами і в той же час зменшити навантаження через виплати за ""зеленим"" тарифом на ринку енергетики. На засіданні Комітету ВР з питань енергетики та ЖКП 13 грудня цей законопроєкт не знайшов підтримки депутатів. Раніше Європейська Бізнес Асоціація у зверненні до голів комітетів ВР з питань економічного розвитку та з питань енергетики та ЖКП закликала підтримати законопроєкт№2543, зазначаючи, що його ухвалення дозволить зберегти інвестиційну привабливість галузі відновлюваної енергетики та залучити в її розвиток 4 млрд євро інвестицій."
"https://gazeta.ua/post/943144","У 2020 році ще декілька церков визнають ПЦУ - Порошенко","Становлення Православної церкви України  це подія, про яку покоління українців мріяли і молилися протягом століть. Про це заявив п'ятий президент України Петро Порошенко під час промови після літургії у Михайлівському Золотоверхому соборі з нагоди річниці об'єднавчого собору ПЦУ. Порошенко зазначив, що об'єднавчий собор трьох гілок українського православ'я, який відбувся рівно рік тому, і отримання Томосу про автокефалію стали головною подією його життя. ""Коли рік тому ми почули цю звістку, то вся площа плакала від щастя. Запам'ятайте ці емоції. І під час собору в Софії, де я мав високу честь бути присутнім, мені здавалося, що там Пресвята Богородиця і Святий Дух разом з нами"",  розповів Порошенко. Він наголосив, що ПЦУ  лише на початку великого шляху, а перешкоди для становлення єдиної Православної церкви в Україні чиняться і всередині держави, і зовні. Цей спротив, на думку Порошенка, не зупинить процесу визнання ПЦУ світовим православ'ям, який продовжиться у наступному році. ""Всередині країни є перешкоди. Влада не може забезпечити виконання ухваленого закону про те, що інші церкви мають перейменуватись. Ті парафіяни, які добровільно переходять у ПЦУ, зазнають переслідувань і потребують нашого захисту. І за кордоном чинять спротив. Щойно оприлюднено, що колишній міністр оборони Греції робив вся для того, щоб Елладська церква не визнала ПЦУ. І Кремль вважає це державним завданням  руйнувати нашу церкву. Нічого в них не вийде"",  наголосив Порошенко.  ""Церкву ми сприймаємо як духовний фундамент державності України. Без нашої церкви не може бути нашої держави. І в 2020-му році ще декілька церков визнають ПЦУ. І РПЦ, яка цьому перешкоджає, опиниться в ізоляції"",  додав Порошенко. ЧИТАЙТЕ ТАКОЖ: ПЦУ готова перенести дату святкування Різдва - Епіфаній  Політик подякував Вселенському патріарху Варфоломею, українським ієрархам і всім небайдужим українцям. ""Наша українська церква відбулася і буде міцніти. І держава наша відбулася і буде міцніти"",  переконаний Порошенко. Предстоятель ПЦУ Митрополит Київський і всієї України Епіфаній подякував Порошенку, відзначивши, що завдяки його зусиллям та вірі рік тому стало можливим об`єднання українського православ`я та отримання Томосу про автокефалію. ""Ви зробили дуже багато. Ваші дипломатичні здібності, ваша віра і надія на Бога також зробили велике чудо. Тому що кожен з нас вніс ту лепту, яка стала загалом визначальною справою в життя на тільки української церкви, а й української держави. Тому ваше ім'я назавжди вписане в Томос як того, хто працював для того, щоб церква була об'єднана і отримала Томос"",  зазначив Епіфаній. Єпископ Константинопольської православної церкви, митрополит Галльський Еммануїл у своїй промові також відзначив роль Порошенка у створенні єдиної помісної ПЦУ. ""Тут з нами високоповажний пан Петро Порошенко, котрий як ніхто інший доклав зусиль для створення української церкви. Але зробив він це не для того, щоб зробити церкву для себе самого. Він допоміг задля того, щоб існувала в Україні єдина церква, яка б не боялася служити в інтересах людей без зовнішнього втручання"",  наголосив Еммануїл.  Митрополит ПЦУ Епіфаній повідомив про юридичне припинення релігійних організацій ""Київська Патріархія УПЦ КП"" та ""Патріярхія УАПЦ"". Про це архієпископ ПЦУ Євстратій Зоря повідомив у Twitter. "
"https://gazeta.ua/post/943142","Українки не змогли боротися за медалі в гонці переслідування","Норвезька біатлоністка Тіріль Екхофф виграла гонку переслідування на сьогоднішньому етапі Кубка світу в Хохфільцені. Другою була шведка Ханна Еберг, третьою  ще одна норвежка Інгрід Тандревольд. Українки виступили невдало. Валентина Семеренко припустилася двох промахів і фінішувала 14-ою. З таким же результатом у стрільбі закінчила гонку Олена Підгрушна. Вона  на 15 місці. Віта Семеренко фінішувала 35-ою.   ЧИТАЙТЕ ТАКОЖ: Збірна України посіла четверте місце в жіночій естафеті на етапі Кубка світу з біатлону  Юлія Джима на старт у гонці переслідування не вийшла. "
"https://gazeta.ua/post/943141","Почався другий етап пробного перепису населення","Почався другий етап пробного перепису населення. Він проводиться у частині Оболонського району Києва та Пісківської ОТГ Бородянського району Київської області. Жителі цих територій з 14 до 23 грудня можуть надати відомості переписувачу або самостійно відвідати переписне відділення, повідомляє Державна служба статистики у Facebook. Участь у переписі беруть будинки, в яких попередньо розмістили оголошення та розклали інформаційні листівки по поштових скриньках. ЧИТАЙТЕ ТАКОЖ: ""Ризикуємо витратити мільярд гривень на неякісний перепис"" - соціолог  Переписувачі повинні мати при собі посвідчення з голограмою, планшет, жилет з логотипом перепису на грудях і спині. Персональні дані, отримані під час перепису, не будуть розголошувати. Їх використовуватимуть лише у статистичних цілях.  Попередні результати електронного перепису населення будуть до кінця 2019 року. Про це в інтерв'ю TSN.ua розповів міністр Кабінету міністрів Дмитро Дубілет. "
"https://gazeta.ua/post/943140","Онищенка взяли під варту без права внесення застави","Німецький суд обрав запобіжний захід нардепу VIII скликання Олександру Онищенку в рамках розгляду справи про його екстрадицію за запитом Національного антикорупційного бюро (НАБУ). Про це колишній народний обранець Ігор Мосійчук написав у своєму Telegram-каналі. Онищенка взяли під варту терміном на два місяці без права внесення застави.   ЧИТАЙТЕ ТАКОЖ: Затримання Онищенка: з'явилися нові подробиці  ""Схоже різдвяно-новорічні свята Олександр Онищенко проведе в німецькій в'язниці"", - написав Мосійчук.  Олександра Онищенка затримали 29 листопада в німецькому місті Аахен. Він виїхав за кордон 2016 року. В Україні його підозрюють в організації схеми з розкрадання коштів при видобутку та продажу природного газу. Це завдало державі збитків на суму понад 1 613 000 000 грн. "
"https://gazeta.ua/post/943134","Вплинула Європа: Україна остаточно закрила Чорнобильську АЕС","15 грудня 2000 року Чорнобильська АЕС офіційно припинила виробництво електроенергії. О 13:17 за наказом тодішнього президента України Леоніда Кучми поворотом ключа реактор 3-го енергоблоку зупинили назавжди. Фактично станція не працювала ще з 5 грудня через несправності у системі захисту. Однак, за день до офіційної церемонії закриття його знову запустили. Щоправда, символічно, лише на 5% потужності.  Історія Чорнобильської АЕС почалася 1972 року. 15 серпня в 11:00 урочисто залили перший кубометр бетону у фундамент енергоблоку та заклали капсулу з листом до майбутніх поколінь. 1-й блок ввели в експлуатацію у 1977-му. Та вже за 5 років на АЕС сталася перша аварія - потужний викид радіоактивних речовин в атмосферу. Забруднено велику територію, але влада назвала наслідки впливу на навколишнє середовище незначними. Уночі 26 квітня 1986 року вибухнув реактор 4-го енергоблоку Чорнобильської атомної електростанції. До Києва від неї - 120 км, до кордону з Білоруссю - лише 11. Ця аварія стала наймасштабнішою в історії атомної енергетики. Радіація поширилась на 200 тис. кв/км. Для її ліквідації загалом залучили більше 600 тис. людей. Уряд СРСР намагався приховати катастрофу, місцевих жителів почали вивозити тільки через 2 дні. Із 30-кілометрової зони навколо станції евакуювали понад 155 тис. осіб. Обіцяли, що їдуть тимчасово і скоро повернуться додому. Із собою дозволяли брати лише документи, одяг та їжу на перший час. Більшість переселили до сусідніх районів Київської області, а для працівників станції побудували нове місто - Славутич. Наприкінці травня 1986 року уряд СРСР відновив роботу енергоблоків станції. 1-й енергоблок запустили 1 жовтня 1986 року, 2-й - 5 листопада, а 3-й - 4 грудня 1987-го. Після пожежі на другому енергоблоці ЧАЕС у жовтні 1991-го Верховна Рада вже незалежної України ухвалила постанову припинити роботу станції до 1993 року. Але в жовтні 1993-го за пропозицією Кабміну Рада скасувала попередню постанову і продовжила експлуатацію Чорнобильської АЕС. ЧИТАЙТЕ ТАКОЖ: Чорнобиль і Хортиця: Зеленський із Гончаруком шукають ""магніти"" для інвестицій Під впливом західних країн Україна в грудні 1995 року підписала Меморандум про взаємо-розуміння з членами ""Великої сімки"" і Єврокомісією, в якому зобовʼязалася закрити Чорнобильську АЕС до 2000 року. На основі ремонтної служби ЧАЕС відкрили підприємство ""Атомремонтсервіс"". Сьогодні там працюють 730 робітників, більше 300 з яких колишні працівники станції. У 2011 році Міністерство надзвичайних ситуацій України дозволило усім відвідувати атомну електростанцію. Туристичні поїздки туди стали одними з найпопулярніших серед українців та іноземців.   Вперше в історії в Чорнобилі для туристів хочуть організовувати екскурсії на повітряних кулях. Про це розповів Віталій Петрук, який до нещодавнього часу очолював Держагентство з питань зони відчуження. Також є наміри розвивати інфраструктуру в прилеглих до зони відчуження населених пунктах. Наприклад, обговорюється питання облаштування в Іванкові на Київщині додаткового готелю. "
"https://gazeta.ua/post/943138","Клімкін назвав нові цілі Путіна в Україні","Росія намагатиметься взяти під контроль Одесу, Миколаїв, Херсон і Запоріжжя. Про це заявив колишній міністр закордонних справ України Павло Клімкін в інтерв'ю ""5 каналу"". Він вважає, що окуповані райони Донбасу залишаться під російським контролем як протекторат. Потім Кремль буде намагатися об'єднати Донбас. Наступною метою може стати південь України. ""Не тільки тому, що це домінуючий контроль над Чорним морем. Другий момент  це можливість усіх сухопутних коридорів не тільки на Крим. Це одночасно вирішує і Молдову, і Придністров'я, і об'єднання всіх територій"",  пояснив він. ""Йому потрібен і Миколаїв, і кораблі. Це одночасне вирішення для Путіна проблеми води в Крим. Ми ж ніколи не підпишемо контракт, де буде написано ""Крим, Росія"". Мені хтось каже, що Путін перезавантажить владу або союз з Білоруссю. Союз з Білоруссю для росіян  це таке. Вони і так вважають Білорусь своєю. А ось союз з Білоруссю і Новоросією з точки зору взагалі місії Путіна  це було б щось, це було б мегавнутрішньою мобілізацією. За це йому ще років 10 пробачать те, що відбувається в Росії"",  додав екс-міністр. ЧИТАЙТЕ ТАКОЖ: ""Підстав для ейфорії нема"": Порошенко прокоментував ""нормандську зустріч"" Клімкін очікує від Росії ""повногібридного розгойдування ситуації"" на півдні України. ""Буде Одеса, Миколаїв, Херсон і Запоріжжя. Не знаю, як Дніпро, там є певні складнощі для них. А ось по цих регіонах буде послідовний удар"",  переконаний він.  9 грудня ""нормандський саміт"" продемонстрував повну нездатність домовлятися російської сторони. Всі ще раз змогли переконатися в тому, що не випадково розпочали цю гібридну війну, в якій певна частина російської еліти поставила конкретні цілі, про це заявив російський політолог Віктор Мироненко. "
"https://gazeta.ua/post/943131","""Шахтар"" забере свого вихованця в клубу Реброва і продасть в Італію","Італійський сайт Calciomercato підтвердив інтерес до півзахисника ""Шахтаря"" Олександра Зубкова, який виступає на правах оренди за ""Ференцварош"", з боку ""Фіорентини"", ""Болоньї"", ""Сампдорії"" і ""Дженоа"". Повідомляє ""Трибуна"". Після вильоту команди Сергія Реброва з Ліги Європи донецький клуб може достроково повернути 23-річного українця з оренди, щоб продати в зимове трансферне вікно. Сам футболіст зацікавлений в такому переході, щоб потрапити в заявку збірної України на Євро-2020. У цьому сезоні гравець забив 5 голів і зробив 7 гольових пасів в 26 матчах. Transfermarkt оцінив українця в 1,2 млн євро.   ЧИТАЙТЕ ТАКОЖ: Вихованець ""Динамо"" забив три м'ячі у чемпіонаті Греції  Зараз в серії А ""Фіорентина"" - 12-а, ""Болонья""  13-а ""Сампдорія"" - 15-а, а ""Дженоа"" - 19-а. "
"https://gazeta.ua/post/943137","У Миколаєві загадково померли 2 далекобійників, ще 3 – у важкому стані","14 грудня біля придорожнього кафе на Одеському шосе у Миколаєві знайшли тіла двох померлих чоловіків. Патрульним надійшла інформація про смерть 54-річного чоловіка. Коли ж вони приїхали на місце виклику, то виявили мертвим ще й 38-річного напарника загиблого. До ще трьох далекобійників - 33, 38 та 57 років - довелось викликати швидку. Один із них у вкрай тяжкому стані. Усі чоловіки родом з Вінницької та Чернігівської областей, про це інформує пресслужба Нацполіції у Миколаївській області. Правоохоронці встановлюють обставини та причини трагедії. Опитують очевидців та персонал усіх закладів харчування, розташованих поблизу. ЧИТАЙТЕ ТАКОЖ: Під Києвом зник далекобійник Попередньо, зі слів свідків, відомо, що чоловіки вживали алкоголь та їжу у придорожньому кафе. Зразки продуктів та спиртних напоїв звідти наразі вилучають, їх направлять на експертизу. За фактом смерті двох чоловіків поліція вже відкрила кримінальне провадження за статтею ""Умисне вбивство"".  У Чернігівській області троє дітей отруїлися невідомою речовиною, одна дитина померла у реанімації районної лікарні. "
"https://gazeta.ua/post/943135","Чому ціна на газ не впаде","Зростання власного видобутку та підвищення рівня енергоефективності могло б зменшити ціну на газ для населення. Про це у Facebook написав виконавчий директор Нафтогазу Юрій Вітренко. Україна у 2020 році могла б експортувати газ, а не імпортувати. ЧИТАЙТЕ ТАКОЖ: Експерт пояснив, чому газ для населення подорожчає  ""І питання ціни на газ вже не могло би використовуватися для політичних спекуляцій. От так ми розплачуємося за некомпетентність і корупцію"", - написав Вітренко.  У грудні газ для населення подешевшав на 13% порівняно з ціною у листопаді. Побутовим споживачам доведеться заплатити 4277 грн за тисячу ""кубів"" газу. Ціна не враховує податків та витрат на транспортування. "
"https://gazeta.ua/post/943136","У Севастополі затонув док з підводним човном","У ніч на 15 грудня в Південній бухті Севастополя затонув плавучий док зі списаним підводним човном Б-380, що належав ЧФ РФ. Про це повідомляє російський ""Інтерфакс"" з посиланням на джерела в оборонно-промисловому комплексі. Відомо, що підводний човен вже сплив на поверхню і перебуває на плаву. Затоплення могло статися через технічний стан дока, експлуатація і ремонт якого були неможливі. Інформації про постраждалих немає. ЧИТАЙТЕ ТАКОЖ: Російські літаки провели ""повітряний бій"" над окупованим Кримом  Окупанти поповнили Чорноморський флот новітніми кораблями. У 2019-му до складу ЧФ увійшло дев'ять кораблів. "
"https://gazeta.ua/post/943133","""Так і живемо: як у великому непрофесійному шоу"" - адвокат про брифінг у справі Шеремета","Громадськості представили весь сором і ганьбу нашої правоохоронної системи: непрофесійну, ""сиру"", показушну і швидко підготовлену PR. Так і живемо: як у великому непрофесійному шоу. Таку думку про брифінг в МВС у справі Павла Шеремета висловив адвокат Костянтин Рибачковський в Facebook. ""Слідство не представило жодного прямого доказу провини. Показали виключно оціночні судження слідчих і жодного конкретного доведеного факту"", - пише юрист. Зазначає, що ті. хто виступали, так чи інакше порушували одразу кілька конституційних прав і гарантій людини. ""Це і принцип презумпції невинуватості, і принцип недоторканності честі і гідності громадянина і людини. Не можна називати прізвища підозрюваних осіб, поки немає обвинувального вироку суду, який набрав чинності. Не можна публічно звинувачувати нікого без перевірених судом доказів"", - говорить адвокат. ЧИТАЙТЕ ТАКОЖ: Підозрюваний у вбивстві Шеремета пояснив, чому на камері спостереження - не він І додає, що найбільше йому сподобався виступ генерального прокурора, який привітав усіх присутніх з ""успіхом"" і ввідзначив ""розкриття"" даного злочину. ""Генпрокурор це ж саме та особа, яка, по-хорошому, має першою серйозно засумніватися в усьому, що представили слідчі, - щоб перевірити всі докази обвинувачення ""на міцність"" і підготувати сторону обвинувачення до суду. Це був просто сюр якийсь"", - резюмував Костянтин Рибачковський.  Журналіст Павло Шеремет загинув у центрі Києва вранці 20 липня 2016 року внаслідок вибуху автомобіля. 12 грудня у Національній поліції заявили, що у причетності до вбивства Шеремета підозрюють п'ятьох осіб: музиканта Андрія Антоненка, Юлію Кузьменко (псевдонім ""Лиса""), Яну Дугарь та подружжя Інни (""Пума"") і Владислава (""Буча"") Грищенків. За версією слідства саме Антоненко разом з Кузьменко нібито заклали вибухівку під автомобіль Шеремета. Правоохоронці стверджують, що метою вбивства журналіста була дестабілізація суспільно-політичної ситуації в Україні. "
"https://gazeta.ua/post/943132","США оголосили перемир'я в торговельній війні з Китаєм","США і Китай домовилися про перемир'я в торговельній війні. Президент Дональд Трамп назвав тріумфом проміжну угоду. Її мають підписати у січні, повідомляє ВВС. ""Ми домовилися про дуже велику першу фазу угоди з Китаєм. Ми почнемо переговори щодо другої фази угоди негайно, не чекаючи на вибори 2020 року. Це чудова угода для всіх. Дякую!"", - написав Трамп у Twitter. У США повідомили, що Пекін зобов'язався збільшити закупівлю американських товарів і послуг у найближчі два роки на $200 млрд у порівнянні з 2017 роком. У відповідь США знизять мита на китайський імпорт і відмовляться від нових з 15 грудня. ЧИТАЙТЕ ТАКОЖ: США припиняють торгову війну з Китаєм  Американцям не вдалося змусити Китай взяти на себе конкретні зобов'язання щодо захисту інтелектуальної власності, відмови від маніпулювання валютним курсом і лібералізації ринку фінансових послуг. Крадіжки американських технологій та субсидії Пекіна китайським компаніям залишилися за рамками. Це гарантує продовження торговельної війни, вважають у виданні.   27 травня Міністерство оборони Китаю засудило перебування 2-х військових кораблів США поблизу спірних Парасельських островів у Південнокитайському морі. "
"https://gazeta.ua/post/943124","Якщо Лопес влучить у Ломаченка, то зупинить його, – американский журналіст","Американський журналіст Ден Рафаель прокоментував можливий бій Василя Ломаченка і Теофімо Лопеса за абсолютне чемпіонство в легкій вазі, - повідомляє ""Трибуна"". ""Після вибухового виступу в поєдинку з Коммі Лопес напевно може дати конкурентний бій Ломаченко. У нього величезна міць, він швидкий, він майже на десять років молодший від Ломи, він дуже впевнений у собі і, щонайменше, у нього пристойний захист. Ломаченко проти Лопеса - величезний бій. Василю буде нелегко. Він набагато більш різнобічний, ніж Коммі, має величезний досвід, набагато швидше і краще захищається. Однак, якщо Лопес зможе завдати такого ж удару по Ломі, який він зробив проти Коммі, він може зупинити його"", - сказав Рафаель.   ЧИТАЙТЕ ТАКОЖ: Лопес відповість за кожне слово  Ломаченко  Сьогодні Василь Ломаченко заявив, що хотів би зустрітися з Лопесом в квітні. "
"https://gazeta.ua/post/943130","Київський патріархат заперечує свою ліквідацію","Українська православна церква Київського патріархату заявила, що не є юридично ліквідованою, про що напередодні повідомив очільник ПЦУ митрополит Епіфаній. Про це йдеться у заяві юридичного відділу УПЦ КП. Київська патріархія вважає, що голова ПЦУ незаконно вніс зміни до Єдиного реєстру. Там також зазначили, що ""предстоятель іншої церкви - ПЦУ, відокремленої від УПЦ КП"" за допомогою держслужбовців Мінкульту вніс зміни до Єдиного держреєстру юридичних осіб, що, на думку Київської патріархії не має юридичних підстав. В УПЦ КП наголосили, що станом на 14 грудня їх офіційно не поінформували про припинення реєстрації.  Оголошення про припинення існування двох патріархій - ""Київська Патріархія УПЦ КП"" та ""Патріярхія УАПЦ""- Епіфаній зробив під час засідання розширеного Архієрейського собору, що відбувся 14 грудня у Києві з нагоди річниці створення єдиної помісної церкви. "
"https://gazeta.ua/post/943129","Від тіла залишилася лише рука: подробиці страшної ДТП під Києвом"," Близько 20:30 14 грудня на лінію ""102"" зателефонував водій Toyota і повідомив про те, що збив людину на Бориспільській трасі під Києвом. На місце направили екіпаж поліції і медиків, але лікарі були безсилі. Тіло загиблого розтягли проїжджаючі машини, останки розкидало в радіусі 300 м по смугах руху, про це повідомляє ""Інформатор"". Водій Toyota розповів, що їхав у крайньому лівому ряду в бік Борисполя. Під час руху він відчув удар і почав перебудовуватися на узбіччя, щоб зупинитися і подивитися, що сталося. Побачив пошкодження автомобіля і частини тіла на дорозі. Чоловік додав, що перед ним був ще один заявник, який також повідомив, що на автомобілі BMW збив пішохода. Можливо, що він зачепив вже частини тіла. По тілу загиблого важко визначити навіть стать. По уцілілій руці, яку відірвало і відкинуло на розділювач, стало зрозуміло, що це чоловік.  Також у Києві на проспекті Академіка Заболотного вантажівка протаранила маршрутку. "
"https://gazeta.ua/post/943128","На кордоні з Польщею конфіскували найбільшу за рік партію бурштину"," Двоє чоловіків нелегально переправили через річку Західний Буг 103 кг бурштину вартістю  50 тис. Польські прикордонники затримали їх і передали Україні. Крім того, в українців вилучили 4000 пачок сигарет вартістю  13 тис, про це йдеться у заяві прикордонної служби Польщі. Інцидент стався на польсько-українському кордоні у Люблінському воєводстві. Конфіскована партія бурштину є найбільшою за 2019 рік.  Верховна рада України в першому читанні підтримала законопроект № 2240 про врегулювання питань видобутку бурштину. Рішення підтримали 342 нардепів. "
"https://gazeta.ua/post/943126","Двоє людей провалилися під кригу, їхні тіла дістали рятувальники"," У селі Хотянівка Київської області двоє чоловіків провалились під кригу на озері, врятувати їх не вдалося. Інцидент стався 14 грудня. Рятувальникам інформація надійшла від поліції, повідомляється на сайті ДСНС. Водолази витягли тіла двох загиблих на берег. ЧИТАЙТЕ ТАКОЖ: Рибалка втопив у Дніпрі Mercedes  У Києві на Дніпрі в Оболонському районі затонула яхта. "
"https://gazeta.ua/post/943122","Сульшер переконав Холанда обрати ""Манчестер Юнайтед""","Найбажаніший форвард Європи визначився зі своїм майбутнім.  Норвезький нападник Ерлінг Холанд потрапив на олівець багатьох європейських клубів, але зупинив свій вибір на ""Манчестер Юнайтед"". У п'ятницю головний тренер ""дияволів"" Уле Гуннар Сульшер злітав у Зальцбург. Сульшер зустрівся з агентами Холанда, щоб переконати юного земляка обрати ""Олд Траффорд"", пише ""Футбол-24"". Обіцянки про вбивче тріо з Рашфордом і Марсьялем спрацювали  Холанд сказав тренеру, що хоче перейти в МЮ. На форварда Зальцбурга також претендують дортмундська ""Борусія"" та РБ ""Лейпциг"", а його агент Міно Райола хотів би прилаштувати клієнта в ""Ювентус"". Зимовий трансфер Холанда оцінюють у 80 мільйонів фунтів з урахуванням всіх додаткових виплат.   ЧИТАЙТЕ ТАКОЖ: За 19-річним Холандом ганяються елітні клуби  Якщо Холанд змінить прописку в січні, то вже не зіграє за Зальцбург  австрійська Бундесліга пішла на перерву. За першу частину сезону норвезький нападник забив 16 голів у чемпіонаті, 4 у кубку та 8 у Лізі чемпіонів. "
"https://gazeta.ua/post/943125","У Кримських горах випав сніг"," В горах у Криму випав сніг. Фото краєвидів користувач RoksolanaTodayКрым25% опублікував у Twitter. На них - Альтанка вітрів - туристична пам'ятка неподалік Гурзуфа. Вона розташована на висоті 1423 метри над рівнем моря біля самого краю скелі. З балюстради видно Аю-Даг і селище Гурзуф.  В окупованому Росією Криму продовжують висихати водойми. При цьому річний посушливий період вже минув. "
"https://gazeta.ua/post/943123","Таксі з пасажирами протаранило електриків"," У ніч на 15 грудня на проспекті Степана Бандери в Києві, поблизу вулиці Йорданської, сталася ДТП. Зіткнулися автомобілі Toyota Prius служби таксі Bolt і ""ГАЗ"". В аварії постраждала дівчина. ""Легковик врізався в автомобіль комунальної служби"", - про це повідомляє сайт ""Інформатор"". Комунальники ремонтували контактну мережі. Їх автомобілі стояли на проїжджій частині, перед місцем робіт був встановлений знак. Одна з вишок аварійної служби стояла в крайньому лівому ряду. У якийсь момент чоловіки почули удар. В задню частину вантажівки врізалася Toyota. Крім водія, в ній були і пасажири. Дівчину з легковика шпиталізували. ЧИТАЙТЕ ТАКОЖ: Поліцейські загасили пожежу на заправці Для з'ясування обставин викликали слідчо-оперативну групу. На місці працювали екіпажі патрульної поліції і медики. Деталі події встановлюються.  Також у Києві на вулиці Вербицького п'яний водій не впорався з керуванням, пошкодив паркан і дорожні знаки. "
"https://gazeta.ua/post/943121","""Ніхто не може нав'язувати героїв"" - новий глава Інституту нацпам'яті про Бандеру та Шухевича","Інститут може продовжувати далі говорити про тих персон, про яких говорить, але треба обирати більше тих, які об'єднують українців. Вважає недавно обраний керівник Українського інституту національної пам'яті Антон Дробович, про це повідомляє ""Радіо Свобода"". ""Наприклад, був діяч УНР Болбочан (полковник Петро Болбочан у 1918-му командував кримською групою армії УНР  Gazeta.ua), художник Казимир Малевич, футбольний тренер Валерій Лобановський, ліквідатори ЧАЕС-герої. Тобто, люди щодо яких не точаться ніякі чвари"",  він. Щодо того, чи буде інститут займатися і говорити про таких українських історичних постатей, як провідник ОУН Степан Бандера, головнокомандувач УПА Роман Шухевич, та інших діячів ОУН і УПА, Дробович відповів так. ""Тут, перш за все, треба пояснити суспільству, чому ці люди, ці герої важливі для однієї частини суспільства, і розібратися, чому вони токсичні для іншої. Розповісти, як працювала радянська пропаганда. Просто питання щодо таких героїв має вирішуватись у громадському діалозі, ніхто нікому не може нав'язувати героїв - одна сторона іншій і навпаки. Тому щодо цих героїв повинне бути розуміння, щоб у Львові, Києві, Івано-Франківську могли пояснити, чому для тих чи інших людей ті чи інші герої важливі. Ніхто не має оперувати штампами радянської пропаганди, але, з іншого боку, ніхто не може ігнорувати об'єктивні історичні факти. Наприклад, як щодо персоналії Андрія Мельника, провідника ОУН"", - наголосив Антон Дробович. В українсько-польських відносинах складним є питання щодо Волинської трагедії 1943 року. Україна і Польща називають різне число жертв. Польська сторона вважає трагедію ""етнічною чисткою з ознаками геноциду"", не чуючи при цьому аргументів української сторони. ""Найперший спосіб відокремлення сучасної політики від історичної пам'яті - це опиратись на історичні факти і говорити тільки про те і визнавати, що мало місце і що можна підтвердити документами. Якщо є історичний факт, то з ним має змиритись будь-яка сторона і вести діалог на основі реальностей. Якщо є якісь факти, то їх треба обговорювати і не можна, аби якісь факти губилися, бо політично це комусь корисно. Це той шлях, яким йде Росія, і той шлях, яким йшов СРСР. Ми не можемо факти підганяти під ідеологію"",  сказав директор УІНП. Україна дозволила Польщі цього року проводити пошукові роботи та ексгумації останків польських жертв конфліктів і воєн. Така заборону впровадили у 2017 році, коли у Польщі, в селі Грушовичі, знесли український пам'ятник воякам УПА. Нещодавно польська сторона провела перші дослідження території у Львові, а загалом просить про пошукові роботи у 12 місцях в Україні. Також мають відновити пам'ятники і могили українцям, які вандали зруйнували на території Польщі. За словами Антона Дробовича, могили поляків в Україні, а українців у Польщі мають бути впорядковані і спільними зусиллями охоронятися. Також він сподівається, що у майбутньому видадуть спільний українсько-польський підручник із історії.  4 грудня на засіданні уряду директором Українського інституту національної пам'яті призначили Антона Дробовича. Попередній очільник УІНП Володимир В'ятрович назвав призначення неправильним рішенням. "
"https://gazeta.ua/post/943120","Україна переможе Росію – 2:0, – капітан ""Дніпра""","Капітан СК Дніпро-1 Сергій Кравченко поділився думкою щодо можливого матчу України проти Росії на Євро-2020. ""Якщо така зустріч відбудеться, і збірні України та Росії зійдуться у плей-офф  це буде суперматч, з колосальним ажіотажем. Україна зараз показує хороший футбол, і команда Росії непогано виглядає. Проте, збірна України зараз більш стабільна, вона у відбірковому циклі не програвала взагалі, а Росія двічі поступилася бельгійцям. Мій прогноз: підсумковий рахунок зустрічі  2:0 на користь збірної України"",  поділився Кравченко в інтерв'ю виданню Діалог. Збірні України та Росії здобули путівки на Євро-2020, але команди розвели по різних групах через політичні причини.   ЧИТАЙТЕ ТАКОЖ: Черчесов заговорив про поразку від України  Фінальна частина турніру розпочнеться 12 червня і триватиме до 12 липня. "
"https://gazeta.ua/post/943118","Епіфаній ліквідував дві патріархії","Митрополит ПЦУ Епіфаній повідомив про юридичне припинення релігійних організацій ""Київська Патріархія УПЦ КП"" та ""Патріярхія УАПЦ"". Про це архієпископ ПЦУ Євстратій Зоря повідомив у Twitter. Оголошення про припинення існування двох патріархій Епіфаній зробив під час засідання розширеного Архієрейського собору, що відбувся 14 грудня у Києві з нагоди річниці створення єдиної помісної церкви. ЧИТАЙТЕ ТАКОЖ: ПЦУ не проти перенесення дати Різдва - Епіфаній Зоря також опублікував відповідні дані з Єдиного держреєстру юросіб, фізичних осіб-підприємців та громадських формувань Мін'юсту.    О 10 годині ранку 15 грудня 2018 року 60 архієреїв розпочали Об'єднавчий собор в Софійському соборі у Києві. Того дня створили єдину помісну церкву України. "
"https://gazeta.ua/post/943119","Ольга Харлан виграла золото на етапі Кубку світу","Українська шаблістка Ольга Харлан виграла етап Кубку світу в Солт-Лейк-Сіті. Про це повідомляє ""Чемпіон"" У фінальному поєдинку українка впевнено перемогла китаянку Цзянь Цзяруй - 15:9.   ЧИТАЙТЕ ТАКОЖ: Харлан закрутила роман з відомим спортсменом  Бронзові нагороди здобули француженка Бруне та кореянка Со Чжи Єн. "
"https://gazeta.ua/post/943117","На Донбасі загинув військовий ЗСУ","14 грудня збройні формування Російської Федерації 8 разів порушили режим припинення вогню. Унаслідок цих підступних дій загинув один з військовослужбовців Об'єднаних сил, ще двоє захисників отримали поранення, про це повідомляє пресштаб ООС. В районі відповідальності оперативно-тактичного угруповання ""Схід"" російські окупаційні війська здійснили 5 обстрілів; у районі відповідальності ""Північ"" - 3 ворожих обстріли. ЧИТАЙТЕ ТАКОЖ: Перекритий Донбас: бойовики двічі затримували патрулі ОБСЄ Російська Федерація, незважаючи на завіряння світової спільноти на переговорах лідерів ""Нормандської четвірки"" у сталому припиненні вогню, продовжує систематичні обстріли позицій Об'єднаних сил.  До лютого 2020 року в ЗСУ створять нову структуру  командування Медичних сил. "
"https://gazeta.ua/post/943115","Ломаченко не зрозумів, що сталося в бою його наступного суперника","На ""Madison Square Garden"" в Нью-Йорку, США, потужний 22-річний панчер Теофімо Лопес відібрав титул чемпіона світу за версією IBF у легкій вазі у 32-річного ганійця Річарда Коммі. Американець переміг суперника вже у другому раунді - технічним нокаутом. В квітні він стане суперником чемпіона світу за трьома версіями у цій вазі Василя Ломаченка. Переможець об'єднає чотири чемпіонські титули і здобуде звання абсолютного чемпіона світу. Теофімо Лопес вже тривалий час викликає на бій лідера дивізіону Василя Ломаченка. Разом зі своїм батьком і тренером Теофімо Лопесом-старшим він багато разів образливо висловлювався про українця. Тепер в бою з добротним чемпіоном Річардом Коммі він підтвердив свої чемпіонські амбіції. І мегафайт з Ломаченком буде одним із найкрутіших боксерських поєдинків 2020 року.  Мегафайт з Ломаченком буде одним із найкрутіших боксерських поєдинків 2020 року  В бою Коммі  Лопес очікувалась крута бійка приблизно рівних суперників. Але він вийшов несподівано коротким. Вже на початку другого раунду Лопес правим боковим у голову відправив у нокдаун чемпіона. Той піднявся, але швидко був забитий претендентом біля канатів. Рефері вчасно зупинив бій.  Після оголошення результату поєдинку в ринг піднявся Василь Ломаченко. Українець, як і американець, виступають під егідою однієї промоутерської компанії  ""Top Rank"" Боба Арума. Ще до бою було оголошено, що, якщо Лопес пройде Коммі, то в наступному поєдинку майже напевно зустрінеться з Ломаченком. - Теофімо, ласкаво просимо в клуб. До зустрічі в квітні! Важко щось сказати про його виступ, тому що це було всього два раунди. Я не зрозумів, що сталося. Це бокс, саме тому ми його і любимо,  заявив найтитулованіший в історії український боксер. ЧИТАЙТЕ ТАКОЖ: Ломаченко легко виграв перший об'єднавчий бій  Також уродженець Білгород-Дністровського поділився планами на 2020 рік. - Здобути статус абсолютного чемпіона в легкій вазі, а потім організувати бій з Джервонтою Девісом. 28 грудня непереможний американець проведе перший бій у легкій вазі  за вакантний титул WBA проти кубинського ветерана Юріокіса Гамбоа. Невдовзі очікуємо офіційного оголошення бою Ломаченко  Лопес.  В рамках вечора боксу в Нью-Йорку один із трьох найкращих боксерів сучасності, американець Теренс Кроуфорд у видовищному стилі переміг технічним нокаутом в дев'ятому раунді непоступливого претендента з Литви Егідіюса Каваляускаса і втретє захистив титул WBO у напівсередній вазі. "
"https://gazeta.ua/post/943114","Страшно за Ломаченка. Брутальний Лопес знищив Коммі","Американець Теофімо Лопес став володарем чемпіонського пояса за версією IBF у легкій вазі, нокаутувавши у другому раунді попереднього чемпіона з Гани Річарда Коммі. Про це повідомляє ""Трибуна"". 22-річний боксер буквально зніс свого суперника у другому раунді. Спочатку Теофімо влучив правий прямий назустріч, який змусив Коммі впасти. Лопес кинувся добивати суперника, і зробив це дуже успішно - рефері заслужено зупинив поєдинок. Одним з найбільш очікуваних поєдинків 2020 року відтепер стає бій за звання абсолютного чемпіона світу в легкій вазі між володарем трьох інших поясів українцем Василем Ломаченко та Теофімо Лопесом. Раніше Теофімо і його батько-тренер не раз образливо зверталися на адресу українця.  ЧИТАЙТЕ ТАКОЖ: Головний критикан прибув до Лондона подивитися на Ломаченка  Сам Ломаченко знаходився в Нью-Йорку на поєдинку і після бою вийшов в ринг. "
"https://gazeta.ua/post/943089","День прем'єри голлівудського фільму оголосили вихідним","300 тисяч американців прийшли подивитися на прем'єру голлівудського фільму ""Віднесені вітром"" 15 грудня 1939 року в місті Атланта, штат Джорджія. Приїхали зірки романтичної мелодрами  ""Король Голлівуду"" Кларк Гейбл і актриса Вів'єн Лі, яка у фільмі зіграла головну роль Скарлет О'Хара. У романі Маргерет Мітчал розповідається про життя жінки Скарлет О'Хара у період громадянської війни в США. Спочатку доньці багатого плантатора із Джорджії довелося пройти через важкі життєві випробовування, пов'язані з війною й злиднями, які загартували її характер. Екранізація роману відбулася 1939 року й вважається класикою кінематографу. ЧИТАЙТЕ ТАКОЖ: Роман про Скарлет О'Хара став популярнішим за Біблію    Сеанси проходили в кінотеатрі Loew's Grand Theatre, його декорували як старовинний особняк династії О'Хара, а над входом висіла фотографія Кларка Гейбла і Вів'єн Лі. Квитки на прем'єру коштували 10 доларів, але спекулянти продавали їх за ціною 200 доларів - 2 000 доларів на наш час. Губернатор Джорджії оголосив 15 грудня офіційним вихідним днем. Стрічка режисера Віктора Флемінга за романом Маргарет Мітчелл отримала вісім премій ""Оскар"". Фільм Віктора Флемінга визнали абсолютним чемпіоном американського прокату всіх часів. У перерахунку на сучасну валюту стрічка заробила понад $1,82 млрд.  Друга за популярністю книга після Біблії - називали роман Маргерет Мітчал. 30 червня 1936 року в Нью-Йорку вперше вийшов друком роман Маргарет Мітчел ""Віднесені вітром"" і до кінця року був проданий у кількості більше 1 мільйона примірників. Через рік після написання авторка отримала Пулітцерівську премію. "
"https://gazeta.ua/post/942984","Індіанця з головним убором замінили стрілою з пір'їнами"," 15 грудня 1923 року в чеському місті Пльзень зареєстрували дві версії емблеми автомобілебудівної фірми ""Skoda"". Перша мала зображення стріли з п'ятьма стилізованими перами та ім'ям марки Skoda всередині кола. Друга - крилата стріла з трьома пір'їнами. На двох варіантах вістря стріли дивилося праворуч. Перший варіант компанія використовувала один рік - з 1924 по 1925. Другий дизайн зберегли практично без змін до наших днів. ЧИТАЙТЕ ТАКОЖ: Створили марку Maserati До цього емблема компанії мала вигляд голови індіанця з головним убором, який мав п'ять пір'їн і круглу застібку. В 20-х роках слово ""індіанець"" вживали як синонім нового символу. Ідею емблеми придумав комерційний директор Skoda T. Maglie, коли він побачив в будинку голови компанії слугу - індіанця, якого останній привіз із ділової поїздки в Америку.  Skoda - чеський виробник автомобілів та двигунів з міста Млада-Болеслав, що з 1991 року належить до автомобільного концерну Volkswagen AG. "
"https://gazeta.ua/post/943081","""Прощай, дорога дружино"" - 28 українців розстріляли в підвалі Жовтневого"," 15 грудня 1934 року у підвалі колишнього Інституту шляхетних панянок Києва, нині - Жовтневий палац, чекісти розстріляли 28 невинних українців. Їх звинуватили в участі у вигаданому об'єднані націоналістів. Загиблі стали першими постраждалими українцями в масових репресіях, розпочатих після вбивства першого секретаря Ленінградського міського комітету ВКП (б) Сергія Кірова 1 грудня того ж року. Його застрелили просто в коридорі Смольного інституту.  Саме смерть Кірова спонукала тоді ще генерального секретара ЦК ВКП(б) Йосипа Сталіна розгорнути репресії. Того ж дня він прийняв постанову ""Про порядок ведення справ про підготовку або здійснення терористичних актів"". Тепер термін розслідування справ скорочувався до 10 днів, а їх розгляд у суді відбувався без адвоката та прокурора. Оскарження вироку та клопотання про помилування заборонялося. Вирок виконували негайно. ""Сильна і могутня диктатура пролетаріату - ось що нам потрібно тепер, для того щоб зітерти в порох останні рештки вимираючих класів і розбити їхні злодійські махінації. Репресії є необхідним елементом наступу"", - заявив Сталін напередодні на об'єднаному Пленумі ЦК і ЦКК.  В Україні першими жертвами стали представники інтелігенції, що проходили у сфабрикованій чекістами справі ""Об'єднання українських націоналістів"". Її члени нібито планували теракти та диверсії, щоб повалити радянську владу. Майже всі обвинувачені жили у Харкові і були заарештовані ще на початку листопада. Стверджували, що більшість з них нелегально прибула до Радянського Союзу через Польщу та Румунію. Мали при собі револьвери та гранати. ЧИТАЙТЕ ТАКОЖ: Розстріляли командира єврейської військової частини 13-15 грудня виїзна сесія Військової колегії Верховного суду СРСР під головуванням Васілія Ульріха розглянула справу українців. З 37 осіб, до розстрілу засудили 28. Серед них політичні та громадські діячі, письменники Іван та Тарас Крушельницькі, Григорій Косинка, Дмитро Фальківський, Кость Буревій, Олексій Влизько. Вирок виконали відразу. ""Пробач, що так багато горя приніс тобі за короткий вік. Прости, дорога дружино, а простивши - прощай. Не тужи, кажу: сльозами горя не залити. Побажаю тобі здоров'я. Побачення не проси, не треба"", - написав Григорій Косинка в прощальному листі дружині Тамарі Мороз-Стрілець.  Решту засуджених заслали на Соловки, де вони загинули. Серд них були Антін Крушельницький, Юліан Бачинський та Петро Гельмер-Дідушка. ""Далі у ""Вироку"" читаю, що із 37 приречених, 28 засуджено до розстрілу й вирок виконано, а 9-х осіб ... виділено на додаткове дослідження. Це означало, що їх розстріляють пізніше, або вишлють у концентраки, звідки вони однак живими не вийдуть. Отже, потіхи в цьому було мало. Але все ж таки, - дивна людська психіка - десь у глибині душі була якась надія: а може хтось і виживе"", - писав літературознавець Григорій Костюк у своїй книзі спогадів ""Зустрічі і прощання"". Розстріляних поховали на Лук'янівському цвинтарі у північно-східній частині на дільниці №7. 18 грудня 1994 року Братство Андрія Первозванного встановило тут дерев'яний хрест. У 2009-му Трускавецька організація всеукраїнського ""Меморіалу"" ім. Василя Стуса упорядкувала могилу, встановила дубовий хрест та металеву табличку з прізвищами розстріляних.  Загалом у грудні 1934-го репресували 6 501 особу. Усіх засуджених за справою про ""Об'єднання українських націоналістів"" реабілітували в 1950-х роках під час хрущовської відлиги.  70% росіян позитивно оцінюють роль Йосипа Сталіна в історії країни. 46% готові виправдати репресії його епохи. Поважає радянського вождя 41% опитаних. Тільки 14% відчувають до нього роздратування, страх або відразу. Такі результати березневого опитування російського ""Левада-центру"". Рівень позитивного ставлення до Сталіна найвищий за всі роки досліджень. "
"https://gazeta.ua/post/942977","На Об'єднавчому  соборі українських православних церков обрали предстоятеля ПЦУ","О 10 годині ранку 15 грудня 2018 року 60 архієреїв розпочинають Об'єднавчий собор в Софійському соборі у Києві. Перед тим відслужили літургію, здали телефони та іншу техніку для підтримки безпеки. ""Як добрий пастир, Вселенський Патріархат покинув 99 овець і провів цим рішенням від 11 жовтня до єдності цю одну вівцю  мільйони православних християн, здійснюючи свою голгофську самопожертвенну місію, яку він продовжує здійснювати всупереч власним інтересам, а діючи як Матір-Церква заради майбутнього своїх дітей, даруючи автокефалію від московської церкви донедавна дарованої автокефалії Чехії і Словаччини. А тепер настав час для православної церкви в Україні"", - написав в листі Вселенський патріарх Варфоломій. Очолив з'їзд уповноважений представник Вселенського патріархату  митрополит Галльський Еммануїл. На Соборі було 200 делегатів із правом голосу. У першому турі в трійці лідерів були Михаїл Зінкевич  38 голосів, Симеон Шостацький  56 і Епіфаній Думенко  81 голос. У другому турі миряни і священики не голосували. У фіналі Михаїл Зінкевич зняв свою кандидатуру, а голоси єпископів розподілилися так: за Симеона  28 голосів, за Епіфанія  36. В обох турах голосували таємно. ЧИТАЙТЕ ТАКОЖ: До ПЦУ можуть приєднатись архієреї Московського патріархату  В очікуванні рішення з'їзду перед Софіївським собором люди сформували сцену. Вони співали, спілкувалися, грілися почергово в мобільних пунктах обігріву, висловлювали підтримку Собору. ""Ми змогли об'єднати три гілки українського православ'я в єдину помісну православну церкву. Ми змогли засвідчити, що ми можемо об'єднатися і створити в Україні єдину помісну церкву нашими спільними зусиллями&hellip; Я б хотів закликати всіх наших побратимів, архієреїв, всіх вірних в єдину Українську православну церкву. Двері нашої церкви відкриті для всіх"", - сказав новообраний Митрополит Київський і всієї України Епіфаній, вийшовши на майдан до людей.   В усіх храмах Православної Церкви України перед ""нормандським самітом"" у суботу, 8 грудня, молилися за встановлення справедливого миру та перемогу України. Відповідне Розпорядження підписав предстоятель Православної Церкви Україн и Блаженнійший Митрополит Епіфаній "
"https://gazeta.ua/post/942956","Як вберегти ялинку від котів: кумедна фотодобірка найоригінальніших ялинок","Не за горами новорічні свята, а це значить, що вся відповідна атрибутика скоро навідається в кожен будинок.  Варто розуміти, що ті самі прикраси на ялинці, які роблять кожен будинок більш атмосферним, для домашніх тварин будуть цілим атракціоном веселощів і забав. І якщо тварини часом люблять пограти з домашнім фікусом, то святкова рослина буде їм набагато цікавіша. Адже все вихованці люблять пограти з чим-небудь круглим і різнобарвним, а значить, що вони будуть намагатися дістати з і без того не настільки стійкою ялинки іграшки. Для господаря це буде цілим випробуванням на терпіння міцність. Але є і ті господарі, які виділяються своєю винахідливістю і умінням уникнути подібних незручностей, пише akcenty. Таким чином, в мережі з'явилася ціла підбірка фотографій, як люди обходили незручну грайливість своїх улюбленців. Наприклад, люди помістили прикрашену ялинку в спеціальний декоративний ящик, який послужив доповненням до інтер'єру. ЧИТАЙТЕ ТАКОЖ: Як обрати живу ялинку - поради продавця Іноді, жителі настільки не довіряють своїм тваринам, що примудряються прикрашати своє житло так само. Щоб самі прудкі улюбленці або не змогли дістати, або не хотіли робити цього зовсім. Іноді, люди настільки з гумором підходять до безпеки ялинки, що ставлять на її сторожі речі, які лякають улюбленців, як на цьому фото. Часто, хитрі господарі наряджають ялинку по туди, куди не дістануть їх вихованці або ж підвішують їх на достатній висоті.  Ялинка - обов'язковий атрибут новорічних свят. Але в теперішньому світі вона зазнала певних перетворень. А все через дефіцит місця, який є частою проблемою сучасного житла. Щоб мати святкову атмосферу і не порушувати усталеного інтер'єру - варто облаштувати видозмінену ялинку. "
"https://gazeta.ua/post/943113","Чоловік різав шини та підпалював автівки","У Чернівцях невідомий підпалив три автомобілі. А також проколов шини у 28 автівок. Таке вчинив протягом доби, повідомили у поліції.  Вночі на 14 грудня правоохоронці отримали три повідомлення щодо загорання автомобілів на декількох вулицях. Уранці до поліції знову надійшло звернення щодо пошкодження восьми автівок, на яких прокололи шини.  ""Опівдні надійшло повідомлення про пошкодження шин ще близько 20 транспортних засобів, які були припарковані на вулицях Трепка, Салтикова-Щедріна і Герцена"", - додали у поліції.  Зловмисника знайшли і затримали. Це 29-річний уродженець Херсонщини, який перебуває у Чернівцях без постійного місця проживання. ЧИТАЙТЕ ТАКОЖ: Діти петардою підпалили вантажівку  Він заявив, що під час інциденту був п'яним та не усвідомлював наслідки своїх дій.  Нагадаємо, в.о. керівника Одеської митниці Ігору Резніку вночі, 26 листопада, підпалили автомобіль. Невідомий перебрався через паркан, кинув пляшку в автівку, яка стояла на майданчику, і втік. "